time_s,column_left_temperature_C,column_left_damage
0,20,0
1,20.002967311440642,0
2,20.023667760931264,0
3,20.078395471198792,0
4,20.18124340320115,0
5,20.34413343854047,0
6,20.5770775861683,0
7,20.888468586031195,0
8,21.28534338394013,0
9,21.773607322017945,0
10,22.358220480057977,0
11,23.043351243329298,0
12,23.832502578960856,0
13,24.72861593500874,0
14,25.734156898125747,0
15,26.851186004873046,0
16,28.081417465491473,0
17,29.42626803366272,0
18,30.886897829012856,0
19,32.464244574550264,0
20,34.159052433596145,0
21,35.968929095625626,0
22,37.879535310644826,0
23,39.87487282202108,0
24,41.941029030976175,0
25,44.066160035521705,0
26,46.24024080460666,0
27,48.4547844970236,0
28,50.70258768219489,0
29,52.977513808617225,0
30,55.274313641194944,0
31,57.588477721157055,0
32,59.91611547337893,0
33,62.25385613577964,0
34,64.59876744880098,0
35,66.94828877170531,0
36,69.30017591869985,0
37,71.6524555250169,0
38,74.00338717314295,0
39,76.35143184842117,0
40,78.69522556632009,0
41,81.03355723358104,0
42,83.365349982706,0
43,85.6896453622567,0
44,88.00558988094903,0
45,90.31242349693305,0
46,92.60946971925821,0
47,94.8961270497834,0
48,97.17186154346984,0
49,99.43620030531672,0
50,101.68872577495105,0
51,103.92907067650931,0
52,106.15691353311118,0
53,108.37197466286553,0
54,110.57401258772515,0
55,112.7628207982362,0
56,114.93822482680591,0
57,117.1000795899442,0
58,119.24826696634712,0
59,121.38269358294724,1.1621878191803558e-06
60,123.50328878537402,1.070327247818194e-05
61,125.61000277282086,3.394409490927025e-05
62,127.70280488024576,7.43937532545729e-05
63,129.78168199325444,0.000134852358178122
64,131.84663708302344,0.00021768970010493512
65,133.8976878502898,0.00032497443580806337
66,135.93486546882727,0.00045854748275783475
67,137.95821341999476,0.0006200687833827533
68,139.96778641092544,0.0008110494396309532
69,141.96364936975147,0.001032875021028389
70,143.94587651196468,0.0012868231743951037
71,145.91455047261252,0.0015740773600754546
72,147.86976149954478,0.0018957378456106945
73,149.8116067033699,0.002252830692173202
74,151.740189360167,0.0026463152309178753
75,153.65561826333476,0.003077090376495978
76,155.55800712125745,0.0035460000270435624
77,157.44747399772655,0.004053837733929851
78,159.3241407922929,0.004601350778812419
79,161.1881327579299,0.005189243763105968
80,163.0395780535777,0.005818181791481998
81,164.87860732930622,0.00648879331369319
82,166.70535334198982,0.007201672676029309
83,168.51995059952736,0.00795738242383082
84,170.32253503176887,0.008756455388868314
85,172.1132436864296,0.009599396589450448
86,173.8922144483824,0.010486684966431433
87,175.65958578081873,0.011418774974548693
88,177.4154964868654,0.012396098045511124
89,179.16008549032887,0.013419063936814654
90,180.893491634323,0.01448806197826149
91,182.61585349661192,0.015603462226509946
92,184.32730922056973,0.0167656165366115
93,186.02799636072768,0.01797485955834592
94,187.71805174194068,0.019231509664201372
95,189.39761133126535,0.020535869815029938
96,191.06681012169503,0.0218882283687145
97,192.7257820269518,0.02328885983658802
98,194.37465978658258,0.024738025591834866
99,196.01357488065258,0.026235974533661457
100,197.64265745337391,0.027782943710639732
101,199.26203624504677,0.029379158906291794
102,200.87183853172928,0.03102483518969094
103,202.47219007208804,0.032720177433596044
104,204.06321506091632,0.034465380802408976
105,205.64503608883751,0.03626063121204243
106,207.21777410774305,0.038106105763606846
107,208.7815484015411,0.04000197315266469
108,210.3364765618196,0.041948394055657146
109,211.88267446805315,0.043945521494980454
110,213.42025627200516,0.04599350118407267
111,214.94933438600071,0.048092471853767985
112,216.4700194747656,0.05024256556108078
113,217.9824204505467,0.05244390798149654
114,219.4866444712477,0.05469661868576812
115,220.9827969413317,0.05700081140214559
116,222.47098151525813,0.05935659426490272
117,223.95130010323732,0.06176407004996385
118,225.42385287909966,0.06422333639838067
119,226.8887382900918,0.06673448602835837
120,228.34605306842226,0.06929760693648465
121,229.59840946597393,0.07190993646126556
122,230.50011722347816,0.07456032073560932
123,231.09224072670244,0.07723701515988858
124,231.41989786578503,0.07992977222717854
125,231.5239877471766,0.08262984717821768
126,231.43955140419453,0.08532984040164204
127,231.19603637513663,0.08802351049837391
128,230.81804476425117,0.09070559880967027
129,230.3261239998531,0.09337167625030948
130,229.7374721536494,0.09601801336325828
131,229.0665320135844,0.09864147138697871
132,228.32548038490472,0.1012394113786551
133,227.52462758427416,0.10380961850878632
134,226.6727426671772,0.1063502389705698
135,225.7773181294403,0.10885972732581409
136,224.8447855604452,0.11133680246550544
137,223.8806916173856,0.1137804106755792
138,222.8898418981548,0.11618969456370942
139,221.8764188211074,0.11856396682455768
140,220.8440784324325,0.12090268800446859
141,219.7960301074337,0.1232054475778154
142,218.73510234598575,0.12547194777136836
143,217.66379724741105,0.12770198967479196
144,216.58433575567477,0.1298954612586026
145,215.49869536791513,0.13205232698892858
146,214.4086416786454,0.13417261878394948
147,213.3157548731758,0.13625642810222122
148,212.22145207471812,0.1383038989900814
149,211.1270062805337,0.14031522194550963
150,210.03356248559263,0.1422906284804527
151,208.9421514813039,0.14423038628373322
152,207.853701726949,0.14613479490309236
153,206.76904961849007,0.14800418187835018
154,205.68894842018278,0.14983889926866606
155,204.6140760762988,0.1516393205258923
156,203.5450420811357,0.15340583767341823
157,202.48239355366877,0.15513885875598896
158,201.4266206372887,0.15683880553100443
159,200.37816132396742,0.1585061113759571
160,199.33740578498703,0.16014121939010956
161,198.30470027632956,0.16174458067138076
162,197.2803506753572,0.16331665275180585
163,196.26462569603834,0.16485789817694427
164,195.25775982229806,0.16636878321630832
165,194.2599559927795,0.1678497766933222
166,193.2713880651343,0.16930134892454604
167,192.2922030837097,0.17072397075895215
168,191.32252337099453,0.1721181127089462
169,190.36244846029012,0.1734842441656129
170,189.41205688467298,0.17482283269135326
171,188.4714078353206,0.17613434338368394
172,187.54054270061013,0.17741923830450204
173,186.619486496006,0.1786779759695949
174,185.70824919358444,0.17991101089359712
175,184.80682695905344,0.1811187931859782
176,183.91520330329112,0.18230176819399022
177,183.03335015470893,0.18346037618881525
178,182.16122885813434,0.1845950520914377
179,181.2987911053806,0.18570622523502692
180,180.44597980221047,0.18679431916085318
181,179.60272987600283,0.1878597514449804
182,178.7689690280788,0.1889029335531798
183,177.94461843433348,0.18992427072169685
184,177.1295933975431,0.1909241618616755
185,176.3238039544719,0.1919029994852046
186,175.52715544067885,0.19286116965109962
187,174.73954901572537,0.1937990519286713
188,173.9608821513017,0.19471701937786023
189,173.19104908462367,0.19561543854423727
190,172.42994123929876,0.19649466946747937
191,171.67744761571913,0.19735506570203484
192,170.9334551529111,0.1981969743487879
193,170.19784906364814,0.19902073609662224
194,169.47051314452528,0.19982668527286696
195,168.75133006258693,0.20061514990168605
196,168.0401816200034,0.20138645176954517
197,167.33694899820182,0.2021409064969566
198,166.6415129827714,0.20287882361576687
199,165.95375417038275,0.203600506651309
200,165.2735531588888,0.20430625320879664
201,164.60079072170063,0.20499635506338765
202,163.93534796747056,0.20567109825339136
203,163.27710648604855,0.20633076317613822
204,162.62594848162198,0.20697562468607084
205,161.98175689389348,0.20760595219465316
206,161.3444155080993,0.208222009771729
207,160.71380905462263,0.2088240562479954
208,160.0898232989099,0.20941234531828448
209,159.47234512235536,0.20998712564537628
210,158.8612625947777,0.2105486409640914
211,158.25646503907544,0.21109713018543563
212,157.6578430886097,0.2116328275005911
213,157.06528873783122,0.21215596248456942
214,156.47869538663502,0.21266676019936065
215,155.89795787889514,0.2131654412964302
216,155.32297253560594,0.21365222211843163
217,154.7536371830273,0.21412731480001804
218,154.18985117620667,0.21459092736764943
219,153.6315154182278,0.2150432638383054
220,153.07853237551262,0.2154845243170247
221,152.53080608948244,0.21591490509320324
222,151.98824218486467,0.21633459873559382
223,151.4507478749122,0.2167437941859583
224,150.91823196378664,0.21714267685133223
225,150.39060484633765,0.21753142869486977
226,149.86777850549802,0.2179102283252433
227,149.3496665074974,0.2182792510845798
228,148.83618399508495,0.21863866913492094
229,148.3272476789388,0.2189886515431999
230,147.82277582742682,0.21932936436473371
231,147.32268825487353,0.21966097072523313
232,146.82690630847614,0.21998363090133788
233,146.33535285400342,0.22029750239968868
234,145.847952260402,0.22060274003455016
235,145.3646303834251,0.2208994960040042
236,144.88531454839116,0.22118791996473436
237,144.40993353217266,0.22146815910542658
238,143.9384175445063,0.22174035821881327
239,143.47069820871207,0.22200465977239117
240,143.0067085418993,0.22226120397784485
241,142.54638293473357,0.22251012885921173
242,142.0896571308332,0.2227515703198252
243,141.6364682058571,0.22298566220807522
244,141.1867545463434,0.22321253638202934
245,140.7404558283508,0.2234323227729564
246,140.29751299595384,0.22364514944780076
247,139.85786823963576,0.22385114267065437
248,139.4214649746218,0.22405042696327843
249,138.98824781919095,0.2242431251647275
250,138.5581625730007,0.22442935849013237
251,138.13115619545778,0.2246092465887006
252,137.70717678416383,0.2247829076009965
253,137.28617355346208,0.22495045821556572
254,136.86809681311047,0.22511201372497391
255,136.45289794710223,0.22526768808133174
256,136.04052939265458,0.22541759395138405
257,135.63094461938323,0.2255618427712458
258,135.22409810867876,0.22570054480087276
259,134.81994533329936,0.2258338091783618
260,134.41844273719337,0.22596174397418178
261,134.0195477155622,0.22608445624544637
262,133.62321859517465,0.22620205209034713
263,133.22941461494088,0.22631463670287771
264,132.83809590675423,0.2264223144279913
265,132.4492234766068,0.2265251888173488
266,132.06275918598533,0.22662336268583033
267,131.67866573355158,0.2267169381690041
268,131.2969066371113,0.22680601678176585
269,130.9174462158747,0.22689069947839166
270,130.54024957301098,0.22697108671427568
271,130.1652825784991,0.22704727850966183
272,129.79251185227469,0.2271193745157206
273,129.4219047476752,0.2271874740833756
274,129.05342933518222,0.22725167633534474
275,128.6870543864612,0.22731208024193636
276,128.32274935869748,0.2273687847012322
277,127.96048437922721,0.22742188862439858
278,127.60023023046249,0.22747149102700526
279,127.24195833510755,0.22751769112740078
280,126.88564074166491,0.22756058845340615
281,126.53125011022841,0.22760028295885668
282,126.17875969856071,0.2276368751518663
283,125.82814334845251,0.22767046623713244
284,125.47937547236006,0.22770115827517823
285,125.13243104031781,0.22772905436220003
286,124.78728556712322,0.227754258835222
287,124.44391509978958,0.22777687750867873
288,124.10229620526367,0.22779701795052398
289,123.76240595840433,0.22781478980878617
290,123.42422193021822,0.22783030520361452
291,123.08772217634868,0.22784367920606502
292,122.75288522581398,0.22785503043452102
293,122.41969006999105,0.22786448181525337
294,122.08811615184007,0.22787216158011026
295,121.7581433553666,0.22787820462199054
296,121.42975199531678,0.22788275442116132
297,121.1029228071014,0.22788596595310529
298,120.77763693694513,0.22788801047319118
299,120.4538759322565,0.22788908453881412
300,120.13162173221451,0.22788943221172964
301,119.81085665856826,0.22788944497379965
302,119.49156340664484,0.22788944497379965
303,119.17372503656215,0.22788944497379965
304,118.85732496464219,0.22788944497379965
305,118.54234695502097,0.22788944497379965
306,118.22877511145133,0.22788944497379965
307,117.91659386929436,0.22788944497379965
308,117.60578798769605,0.22788944497379965
309,117.29634254194497,0.22788944497379965
310,116.98824291600727,0.22788944497379965
311,116.6814747952357,0.22788944497379965
312,116.37602415924846,0.22788944497379965
313,116.07187727497445,0.22788944497379965
314,115.7690206898616,0.22788944497379965
315,115.46744122524439,0.22788944497379965
316,115.16712596986743,0.22788944497379965
317,114.86806227356139,0.22788944497379965
318,114.57023774106831,0.22788944497379965
319,114.2736402260127,0.22788944497379965
320,113.97825782501533,0.22788944497379965
321,113.68407887194651,0.22788944497379965
322,113.39109193231582,0.22788944497379965
323,113.09928579779505,0.22788944497379965
324,112.80864948087155,0.22788944497379965
325,112.51917220962886,0.22788944497379965
326,112.230843422652,0.22788944497379965
327,111.9436527640541,0.22788944497379965
328,111.65759007862225,0.22788944497379965
329,111.37264540707919,0.22788944497379965
330,111.0888089814587,0.22788944497379965
331,110.8060712205916,0.22788944497379965
332,110.52442272570022,0.22788944497379965
333,110.24385427609863,0.22788944497379965
334,109.96435682499605,0.22788944497379965
335,109.68592149540129,0.22788944497379965
336,109.40853957612575,0.22788944497379965
337,109.13220251788249,0.22788944497379965
338,108.85690192947948,0.22788944497379965
339,108.58262957410456,0.22788944497379965
340,108.30937736569987,0.22788944497379965
341,108.03713736542404,0.22788944497379965
342,107.7659017781995,0.22788944497379965
343,107.49566294934347,0.22788944497379965
344,107.22641336128018,0.22788944497379965
345,106.95814563033271,0.22788944497379965
346,106.6908525035923,0.22788944497379965
347,106.42452685586349,0.22788944497379965
348,106.15916168668329,0.22788944497379965
349,105.89475011741223,0.22788944497379965
350,105.6312853883962,0.22788944497379965
351,105.36876085619691,0.22788944497379965
352,105.10716999088942,0.22788944497379965
353,104.84650637342517,0.22788944497379965
354,104.58676369305901,0.22788944497379965
355,104.32793574483867,0.22788944497379965
356,104.07001642715491,0.22788944497379965
357,103.81299973935135,0.22788944497379965
358,103.55687977939216,0.22788944497379965
359,103.30165074158623,0.22788944497379965
360,103.04730691436683,0.22788944497379965
361,102.79384267812497,0.22788944497379965
362,102.54125250309535,0.22788944497379965
363,102.28953094729377,0.22788944497379965
364,102.03867265450438,0.22788944497379965
365,101.78867235231606,0.22788944497379965
366,101.53952485020618,0.22788944497379965
367,101.29122503767123,0.22788944497379965
368,101.04376788240242,0.22788944497379965
369,100.79714842850603,0.22788944497379965
370,100.55136179476648,0.22788944497379965
371,100.30640317295196,0.22788944497379965
372,100.06226782616095,0.22788944497379965
373,99.8189510872091,0.22788944497379965
374,99.576448357055,0.22788944497379965
375,99.33475510326424,0.22788944497379965
376,99.09386685851098,0.22788944497379965
377,98.8537792191155,0.22788944497379965
378,98.6144878436175,0.22788944497379965
379,98.37598845138393,0.22788944497379965
380,98.13827682125054,0.22788944497379965
381,97.90134879019651,0.22788944497379965
382,97.66520025205097,0.22788944497379965
383,97.42982715623123,0.22788944497379965
384,97.19522550651126,0.22788944497379965
385,96.96139135982017,0.22788944497379965
386,96.72832082506987,0.22788944497379965
387,96.49601006201101,0.22788944497379965
388,96.26445528011664,0.22788944497379965
389,96.03365273749299,0.22788944497379965
390,95.80359873981651,0.22788944497379965
391,95.5742896392967,0.22788944497379965
392,95.34572183366404,0.22788944497379965
393,95.11789176518235,0.22788944497379965
394,94.89079591968509,0.22788944497379965
395,94.66443082563492,0.22788944497379965
396,94.438793053206,0.22788944497379965
397,94.2138792133885,0.22788944497379965
398,93.98968595711462,0.22788944497379965
399,93.76620997440588,0.22788944497379965
400,93.5434479935409,0.22788944497379965
401,93.32139678024308,0.22788944497379965
402,93.10005313688835,0.22788944497379965
403,92.87941390173157,0.22788944497379965
404,92.65947594815161,0.22788944497379965
405,92.44023618391502,0.22788944497379965
406,92.22169155045684,0.22788944497379965
407,92.00383902217926,0.22788944497379965
408,91.78667560576676,0.22788944497379965
409,91.57019833951794,0.22788944497379965
410,91.35440429269345,0.22788944497379965
411,91.13929056487922,0.22788944497379965
412,90.92485428536556,0.22788944497379965
413,90.71109261254063,0.22788944497379965
414,90.49800273329869,0.22788944497379965
415,90.2855818624627,0.22788944497379965
416,90.07382724222042,0.22788944497379965
417,89.86273614157422,0.22788944497379965
418,89.65230585580406,0.22788944497379965
419,89.44253370594318,0.22788944497379965
420,89.2334170382666,0.22788944497379965
421,89.02495322379147,0.22788944497379965
422,88.81713965778968,0.22788944497379965
423,88.60997375931196,0.22788944497379965
424,88.40345297072317,0.22788944497379965
425,88.19757475724914,0.22788944497379965
426,87.99233660653374,0.22788944497379965
427,87.7877360282069,0.22788944497379965
428,87.58377055346264,0.22788944497379965
429,87.38043773464733,0.22788944497379965
430,87.17773514485756,0.22788944497379965
431,86.97566037754777,0.22788944497379965
432,86.77421104614686,0.22788944497379965
433,86.57338478368428,0.22788944497379965
434,86.37317924242458,0.22788944497379965
435,86.173592093511,0.22788944497379965
436,85.974621026617,0.22788944497379965
437,85.7762637496065,0.22788944497379965
438,85.57851798820187,0.22788944497379965
439,85.38138148565976,0.22788944497379965
440,85.1848520024547,0.22788944497379965
441,84.98892731596996,0.22788944497379965
442,84.79360522019577,0.22788944497379965
443,84.59888352543476,0.22788944497379965
444,84.40476005801399,0.22788944497379965
445,84.21123266000404,0.22788944497379965
446,84.01829918894451,0.22788944497379965
447,83.82595751757596,0.22788944497379965
448,83.63420553357815,0.22788944497379965
449,83.44304113931433,0.22788944497379965
450,83.25246225158165,0.22788944497379965
451,83.06246680136705,0.22788944497379965
452,82.8730527336092,0.22788944497379965
453,82.68421800696578,0.22788944497379965
454,82.49596059358608,0.22788944497379965
455,82.30827847888905,0.22788944497379965
456,82.12116966134646,0.22788944497379965
457,81.93463215227084,0.22788944497379965
458,81.74866397560861,0.22788944497379965
459,81.56326316773782,0.22788944497379965
460,81.37842777727056,0.22788944497379965
461,81.19415586485998,0.22788944497379965
462,81.01044550301155,0.22788944497379965
463,80.82729477589893,0.22788944497379965
464,80.64470177918383,0.22788944497379965
465,80.46266461984003,0.22788944497379965
466,80.28118141598145,0.22788944497379965
467,80.10025029669411,0.22788944497379965
468,79.91986940187194,0.22788944497379965
469,79.74003688205626,0.22788944497379965
470,79.56075089827895,0.22788944497379965
471,79.38200962190913,0.22788944497379965
472,79.20381123450338,0.22788944497379965
473,79.0261539276591,0.22788944497379965
474,78.84903590287156,0.22788944497379965
475,78.67245537139375,0.22788944497379965
476,78.49641055409965,0.22788944497379965
477,78.32089968135041,0.22788944497379965
478,78.14592099286364,0.22788944497379965
479,77.97147273758542,0.22788944497379965
480,77.79755317356538,0.22788944497379965
481,77.62416056783442,0.22788944497379965
482,77.45129319628518,0.22788944497379965
483,77.27894934355497,0.22788944497379965
484,77.10712730291164,0.22788944497379965
485,76.93582537614164,0.22788944497379965
486,76.76504187344068,0.22788944497379965
487,76.59477511330675,0.22788944497379965
488,76.42502342243544,0.22788944497379965
489,76.25578513561757,0.22788944497379965
490,76.08705859563915,0.22788944497379965
491,75.91884215318329,0.22788944497379965
492,75.75113416673436,0.22788944497379965
493,75.58393300248423,0.22788944497379965
494,75.41723703424042,0.22788944497379965
495,75.25104464333634,0.22788944497379965
496,75.08535421854344,0.22788944497379965
497,74.92016415598509,0.22788944497379965
498,74.75547285905243,0.22788944497379965
499,74.59127873832193,0.22788944497379965
500,74.42758021147479,0.22788944497379965
501,74.2643757032179,0.22788944497379965
502,74.10166364520649,0.22788944497379965
503,73.93944247596858,0.22788944497379965
504,73.7777106408306,0.22788944497379965
505,73.61646659184508,0.22788944497379965
506,73.45570878771944,0.22788944497379965
507,73.29543569374637,0.22788944497379965
508,73.13564578173565,0.22788944497379965
509,72.97633752994743,0.22788944497379965
510,72.81750942302673,0.22788944497379965
511,72.65915995193944,0.22788944497379965
512,72.5012876139094,0.22788944497379965
513,72.34389091235704,0.22788944497379965
514,72.18696835683899,0.22788944497379965
515,72.03051846298904,0.22788944497379965
516,71.8745397524602,0.22788944497379965
517,71.71903075286798,0.22788944497379965
518,71.56398999773484,0.22788944497379965
519,71.40941602643554,0.22788944497379965
520,71.25530738414375,0.22788944497379965
521,71.10166262177965,0.22788944497379965
522,70.94848029595852,0.22788944497379965
523,70.79575896894029,0.22788944497379965
524,70.64349720858021,0.22788944497379965
525,70.49169358828038,0.22788944497379965
526,70.34034668694207,0.22788944497379965
527,70.18945508891916,0.22788944497379965
528,70.03901738397244,0.22788944497379965
529,69.88903216722461,0.22788944497379965
530,69.73949803911623,0.22788944497379965
531,69.59041360536251,0.22788944497379965
532,69.44177747691091,0.22788944497379965
533,69.2935882698994,0.22788944497379965
534,69.14584460561561,0.22788944497379965
535,68.99854511045676,0.22788944497379965
536,68.85168841589011,0.22788944497379965
537,68.70527315841437,0.22788944497379965
538,68.5592979795216,0.22788944497379965
539,68.41376152565996,0.22788944497379965
540,68.26866244819703,0.22788944497379965
541,68.12399940338378,0.22788944497379965
542,67.97977105231911,0.22788944497379965
543,67.83597606091521,0.22788944497379965
544,67.69261309986335,0.22788944497379965
545,67.5496808446002,0.22788944497379965
546,67.407177975275,0.22788944497379965
547,67.26510317671698,0.22788944497379965
548,67.12345513840353,0.22788944497379965
549,66.98223255442876,0.22788944497379965
550,66.84143412347287,0.22788944497379965
551,66.70105854877154,0.22788944497379965
552,66.56110453808635,0.22788944497379965
553,66.42157080367528,0.22788944497379965
554,66.28245606226396,0.22788944497379965
555,66.1437590350172,0.22788944497379965
556,66.00547844751105,0.22788944497379965
557,65.8676130297054,0.22788944497379965
558,65.73016151591682,0.22788944497379965
559,65.59312264479196,0.22788944497379965
560,65.45649515928127,0.22788944497379965
561,65.32027780661329,0.22788944497379965
562,65.18446933826912,0.22788944497379965
563,65.04906850995748,0.22788944497379965
564,64.91407408158989,0.22788944497379965
565,64.77948481725663,0.22788944497379965
566,64.64529948520259,0.22788944497379965
567,64.51151685780377,0.22788944497379965
568,64.37813571154408,0.22788944497379965
569,64.24515482699238,0.22788944497379965
570,64.11257298878,0.22788944497379965
571,63.98038898557844,0.22788944497379965
572,63.84860161007742,0.22788944497379965
573,63.71720965896329,0.22788944497379965
574,63.58621193289773,0.22788944497379965
575,63.45560723649668,0.22788944497379965
576,63.32539437830965,0.22788944497379965
577,63.195572170799196,0.22788944497379965
578,63.0661394303208,0.22788944497379965
579,62.93709497710294,0.22788944497379965
580,62.80843763522739,0.22788944497379965
581,62.680166232609906,0.22788944497379965
582,62.552279600981024,0.22788944497379965
583,62.42477657586717,0.22788944497379965
584,62.297655996572054,0.22788944497379965
585,62.17091670615814,0.22788944497379965
586,62.04455755142859,0.22788944497379965
587,61.91857738290919,0.22788944497379965
588,61.79297505483066,0.22788944497379965
589,61.66774942511113,0.22788944497379965
590,61.542899355338776,0.22788944497379965
591,61.418423710754695,0.22788944497379965
592,61.294321360236104,0.22788944497379965
593,61.17059117627952,0.22788944497379965
594,61.047232034984255,0.22788944497379965
595,60.92424281603612,0.22788944497379965
596,60.80162240269125,0.22788944497379965
597,60.67936968176017,0.22788944497379965
598,60.557483543591964,0.22788944497379965
599,60.43596288205871,0.22788944497379965
600,60.31480659454,0.22788944497379965
